<?xml version="1.0" encoding="UTF-8"?>

<mule xmlns:vm="http://www.mulesoft.org/schema/mule/vm" xmlns:http="http://www.mulesoft.org/schema/mule/http" xmlns="http://www.mulesoft.org/schema/mule/core" xmlns:doc="http://www.mulesoft.org/schema/mule/documentation"
	xmlns:spring="http://www.springframework.org/schema/beans" 
	xmlns:xsi="http://www.w3.org/2001/XMLSchema-instance"
	xsi:schemaLocation="http://www.springframework.org/schema/beans http://www.springframework.org/schema/beans/spring-beans-current.xsd
http://www.mulesoft.org/schema/mule/core http://www.mulesoft.org/schema/mule/core/current/mule.xsd
http://www.mulesoft.org/schema/mule/http http://www.mulesoft.org/schema/mule/http/current/mule-http.xsd
http://www.mulesoft.org/schema/mule/vm http://www.mulesoft.org/schema/mule/vm/current/mule-vm.xsd">
    <flow name="request-replyFlow">
        <http:listener config-ref="HTTP_Listener_Configuration" path="/requestreply" doc:name="HTTP"/>
        <request-reply doc:name="Request-Reply">
            <vm:outbound-endpoint exchange-pattern="one-way" path="repath1" doc:name="VM"/>
            <vm:inbound-endpoint exchange-pattern="one-way" path="reply" doc:name="VM"/>
        </request-reply>
    </flow>
    
    <flow name="request-replyFlow3">
        <http:listener config-ref="HTTP_Listener_Configuration" path="/requestreplyWithoutReplyTo" doc:name="HTTP"/>
        <request-reply doc:name="Request-Reply">
            <vm:outbound-endpoint exchange-pattern="one-way" path="repath1" doc:name="VM">
            	<message-properties-transformer scope="outbound">
            		<delete-message-property key="MULE_REPLYTO"/>
        		</message-properties-transformer>
            </vm:outbound-endpoint>
            <vm:inbound-endpoint exchange-pattern="one-way" path="reply1" doc:name="VM"/>
        </request-reply>
    </flow>
    
    <flow name="request-replyFlow1">
        <vm:inbound-endpoint exchange-pattern="one-way" path="repath1" doc:name="VM"/>
        <append-string-transformer message=" first repath1" doc:name="Append String"/>
        <vm:outbound-endpoint exchange-pattern="one-way" path="repath2" doc:name="VM"/>
    </flow>
    
     <flow name="request-replyFlow2">
        <vm:inbound-endpoint exchange-pattern="one-way" path="repath2" doc:name="VM"/>
        <append-string-transformer message=" second repath2" doc:name="Append String"/>
        <logger level="INFO" message="here" />
    </flow>
</mule>
