<?xml version="1.0" encoding="UTF-8"?>

<mule xmlns:vm="http://www.mulesoft.org/schema/mule/vm" xmlns:http="http://www.mulesoft.org/schema/mule/http" xmlns="http://www.mulesoft.org/schema/mule/core" xmlns:doc="http://www.mulesoft.org/schema/mule/documentation"
	xmlns:spring="http://www.springframework.org/schema/beans" 
	xmlns:xsi="http://www.w3.org/2001/XMLSchema-instance"
	xsi:schemaLocation="http://www.springframework.org/schema/beans http://www.springframework.org/schema/beans/spring-beans-current.xsd
http://www.mulesoft.org/schema/mule/core http://www.mulesoft.org/schema/mule/core/current/mule.xsd
http://www.mulesoft.org/schema/mule/http http://www.mulesoft.org/schema/mule/http/current/mule-http.xsd
http://www.mulesoft.org/schema/mule/vm http://www.mulesoft.org/schema/mule/vm/current/mule-vm.xsd">
    
    <flow name="splitter-aggregarorFlow">
        <http:listener config-ref="HTTP_Listener_Configuration" path="/splitAggregate" doc:name="HTTP"/>
        <object-to-string-transformer doc:name="Object to String"/>
        <splitter expression="#[payload.split('')]" doc:name="Splitter"/>
        <vm:outbound-endpoint exchange-pattern="request-response" path="upperCaseService" doc:name="VM"/>
    	<object-to-string-transformer doc:name="Object to String"/>
    </flow>
    
    <flow name="splitter-aggregarorFlow1">
        <vm:inbound-endpoint exchange-pattern="request-response" path="upperCaseService" doc:name="VM"/>
        <object-to-string-transformer doc:name="Object to String"/>
        <set-payload value="#[payload.toUpperCase()]"/>
        <collection-aggregator failOnTimeout="true" doc:name="Collection Aggregator" />
    </flow>
    
</mule>
