<?xml version="1.0" encoding="UTF-8"?>

<mule xmlns:db="http://www.mulesoft.org/schema/mule/db" xmlns:http="http://www.mulesoft.org/schema/mule/http" xmlns:scripting="http://www.mulesoft.org/schema/mule/scripting" xmlns="http://www.mulesoft.org/schema/mule/core" xmlns:doc="http://www.mulesoft.org/schema/mule/documentation"
	xmlns:spring="http://www.springframework.org/schema/beans" 
	xmlns:xsi="http://www.w3.org/2001/XMLSchema-instance"
	xsi:schemaLocation="http://www.springframework.org/schema/beans http://www.springframework.org/schema/beans/spring-beans-current.xsd
http://www.mulesoft.org/schema/mule/core http://www.mulesoft.org/schema/mule/core/current/mule.xsd
http://www.mulesoft.org/schema/mule/http http://www.mulesoft.org/schema/mule/http/current/mule-http.xsd
http://www.mulesoft.org/schema/mule/scripting http://www.mulesoft.org/schema/mule/scripting/current/mule-scripting.xsd
http://www.mulesoft.org/schema/mule/db http://www.mulesoft.org/schema/mule/db/current/mule-db.xsd">
    <http:listener-config name="HTTP_Listener_Configuration" host="localhost" port="9876" basePath="mulelearning" doc:name="HTTP Listener Configuration"/>
    <db:generic-config name="Generic_Database_Configuration" url="jdbc:mysql://localhost:3306/mule_test?user=root&amp;password=root" driverClassName="com.mysql.jdbc.Driver" doc:name="Generic Database Configuration"/>
    <flow name="mule-learning-exposFlow">
        <http:listener config-ref="HTTP_Listener_Configuration" path="/groovy" doc:name="HTTP"/>
        <db:select config-ref="Generic_Database_Configuration" doc:name="Database">
            <db:parameterized-query><![CDATA[SELECT id,name from person]]></db:parameterized-query>
        </db:select>
        <scripting:transformer doc:name="Groovy">
            <scripting:script engine="Groovy" file="SetResponsePayload.groovy"/>
        </scripting:transformer>
    </flow>
</mule>
